YEAR,MONTH,DAY,HOUR,MINUTE,SECOND,MICROSECOND,centroid_x,centroid_y,tail_x,tail_y,head_x,head_y
2020,12,22,16,8,32,240085,74,53,0,0,0,0
2020,12,22,16,8,32,274856,74,53,0,0,0,0
2020,12,22,16,8,32,306241,74,53,0,0,0,0
2020,12,22,16,8,32,337928,74,53,0,0,0,0
2020,12,22,16,8,32,372299,74,53,0,0,0,0
2020,12,22,16,8,32,404187,74,53,0,0,0,0
2020,12,22,16,8,32,432198,74,53,0,0,0,0
2020,12,22,16,8,32,473747,74,53,0,0,0,0
2020,12,22,16,8,32,504054,74,53,0,0,0,0
2020,12,22,16,8,32,540297,74,53,0,0,0,0
2020,12,22,16,8,32,572075,74,53,0,0,0,0
2020,12,22,16,8,32,604031,74,53,0,0,0,0
2020,12,22,16,8,32,640068,74,53,0,0,0,0
2020,12,22,16,8,32,671998,74,53,0,0,0,0
2020,12,22,16,8,32,708034,74,53,0,0,0,0
2020,12,22,16,8,32,740092,74,53,0,0,0,0
2020,12,22,16,8,32,772103,74,53,0,0,0,0
2020,12,22,16,8,32,808042,74,53,0,0,0,0
2020,12,22,16,8,32,840066,74,53,0,0,0,0
2020,12,22,16,8,32,876016,74,53,0,0,0,0
2020,12,22,16,8,32,908056,74,53,0,0,0,0
2020,12,22,16,8,32,940094,74,53,0,0,0,0
2020,12,22,16,8,32,976081,74,53,0,0,0,0
2020,12,22,16,8,33,8138,74,53,0,0,0,0
2020,12,22,16,8,33,44456,74,53,0,0,0,0
2020,12,22,16,8,33,76135,74,53,0,0,0,0
2020,12,22,16,8,33,108051,74,53,0,0,0,0
2020,12,22,16,8,33,144081,74,53,0,0,0,0
2020,12,22,16,8,33,176086,74,53,0,0,0,0
2020,12,22,16,8,33,208081,74,53,0,0,0,0
2020,12,22,16,8,33,244082,74,53,0,0,0,0
2020,12,22,16,8,33,276021,74,53,0,0,0,0
2020,12,22,16,8,33,312041,74,53,0,0,0,0
2020,12,22,16,8,33,344195,74,53,0,0,0,0
2020,12,22,16,8,33,376121,74,53,0,0,0,0
2020,12,22,16,8,33,418266,74,53,0,0,0,0
2020,12,22,16,8,33,442105,74,53,0,0,0,0
2020,12,22,16,8,33,481695,74,53,0,0,0,0
2020,12,22,16,8,33,512291,74,53,0,0,0,0
2020,12,22,16,8,33,544567,74,53,0,0,0,0
2020,12,22,16,8,33,580159,74,53,0,0,0,0
2020,12,22,16,8,33,612059,74,53,0,0,0,0
2020,12,22,16,8,33,648122,74,53,0,0,0,0
2020,12,22,16,8,33,680030,74,53,0,0,0,0
2020,12,22,16,8,33,712075,74,53,0,0,0,0
2020,12,22,16,8,33,748116,74,53,0,0,0,0
2020,12,22,16,8,33,780113,74,53,0,0,0,0
2020,12,22,16,8,33,816043,74,53,0,0,0,0
2020,12,22,16,8,33,848124,74,53,0,0,0,0
2020,12,22,16,8,33,880050,74,53,0,0,0,0
2020,12,22,16,8,33,916059,74,53,0,0,0,0
2020,12,22,16,8,33,948132,74,53,0,0,0,0
2020,12,22,16,8,33,984115,74,53,0,0,0,0
2020,12,22,16,8,34,16084,74,53,0,0,0,0
2020,12,22,16,8,34,48126,74,53,0,0,0,0
2020,12,22,16,8,34,84045,74,53,0,0,0,0
2020,12,22,16,8,34,116090,74,53,0,0,0,0
2020,12,22,16,8,34,148158,74,53,0,0,0,0
2020,12,22,16,8,34,184151,74,53,0,0,0,0
2020,12,22,16,8,34,216093,74,53,0,0,0,0
2020,12,22,16,8,34,252126,74,53,0,0,0,0
2020,12,22,16,8,34,284066,74,53,0,0,0,0
2020,12,22,16,8,34,316098,74,53,0,0,0,0
2020,12,22,16,8,34,352153,74,53,0,0,0,0
2020,12,22,16,8,34,384134,74,53,0,0,0,0
2020,12,22,16,8,34,417112,74,53,0,0,0,0
2020,12,22,16,8,34,451663,74,53,0,0,0,0
2020,12,22,16,8,34,484421,74,53,0,0,0,0
2020,12,22,16,8,34,520272,74,53,0,0,0,0
2020,12,22,16,8,34,552443,74,53,0,0,0,0
2020,12,22,16,8,34,588146,74,53,0,0,0,0
2020,12,22,16,8,34,620113,74,53,0,0,0,0
2020,12,22,16,8,34,652188,74,53,0,0,0,0
2020,12,22,16,8,34,688116,74,53,0,0,0,0
2020,12,22,16,8,34,720073,74,53,0,0,0,0
2020,12,22,16,8,34,756161,74,53,0,0,0,0
2020,12,22,16,8,34,788147,74,53,0,0,0,0
2020,12,22,16,8,34,820121,74,53,0,0,0,0
2020,12,22,16,8,34,856156,74,53,0,0,0,0
2020,12,22,16,8,34,888125,74,53,0,0,0,0
2020,12,22,16,8,34,920321,74,53,0,0,0,0
2020,12,22,16,8,34,956140,74,53,0,0,0,0
2020,12,22,16,8,34,988189,74,53,0,0,0,0
2020,12,22,16,8,35,24151,74,53,0,0,0,0
2020,12,22,16,8,35,56188,74,52,0,0,0,0
2020,12,22,16,8,35,88126,74,52,0,0,0,0
2020,12,22,16,8,35,124162,74,52,0,0,0,0
2020,12,22,16,8,35,156215,74,52,0,0,0,0
2020,12,22,16,8,35,191235,74,52,0,0,0,0
2020,12,22,16,8,35,224174,74,52,0,0,0,0
2020,12,22,16,8,35,256227,74,52,0,0,0,0
2020,12,22,16,8,35,292132,74,52,0,0,0,0
2020,12,22,16,8,35,324206,74,52,0,0,0,0
2020,12,22,16,8,35,360215,74,52,0,0,0,0
2020,12,22,16,8,35,392190,74,52,0,0,0,0
2020,12,22,16,8,35,422865,74,52,0,0,0,0
2020,12,22,16,8,35,459595,74,52,0,0,0,0
2020,12,22,16,8,35,492680,74,52,0,0,0,0
2020,12,22,16,8,35,528216,74,52,0,0,0,0
2020,12,22,16,8,35,560232,74,52,0,0,0,0
2020,12,22,16,8,35,592201,74,52,0,0,0,0
2020,12,22,16,8,35,628164,74,52,0,0,0,0
2020,12,22,16,8,35,660214,74,52,0,0,0,0
2020,12,22,16,8,35,696163,74,52,0,0,0,0
2020,12,22,16,8,35,728163,74,52,0,0,0,0
2020,12,22,16,8,35,760235,74,52,0,0,0,0
2020,12,22,16,8,35,796198,74,52,0,0,0,0
2020,12,22,16,8,35,828203,74,52,0,0,0,0
2020,12,22,16,8,35,860264,74,52,0,0,0,0
2020,12,22,16,8,35,896150,74,52,0,0,0,0
2020,12,22,16,8,35,928175,74,52,0,0,0,0
2020,12,22,16,8,35,964229,74,52,0,0,0,0
2020,12,22,16,8,35,996178,72,47,0,0,0,0
2020,12,22,16,8,36,28171,74,52,0,0,0,0
2020,12,22,16,8,36,64307,74,52,0,0,0,0
2020,12,22,16,8,36,96164,74,52,0,0,0,0
2020,12,22,16,8,36,132188,74,52,0,0,0,0
2020,12,22,16,8,36,164265,74,52,0,0,0,0
2020,12,22,16,8,36,196242,74,52,0,0,0,0
2020,12,22,16,8,36,232190,74,52,0,0,0,0
2020,12,22,16,8,36,264248,74,52,0,0,0,0
2020,12,22,16,8,36,300164,74,52,0,0,0,0
2020,12,22,16,8,36,332209,74,52,0,0,0,0
2020,12,22,16,8,36,364299,74,52,0,0,0,0
2020,12,22,16,8,36,400237,74,52,0,0,0,0
2020,12,22,16,8,36,428307,74,52,0,0,0,0
2020,12,22,16,8,36,468563,74,52,0,0,0,0
2020,12,22,16,8,36,500396,74,52,0,0,0,0
2020,12,22,16,8,36,532707,74,52,0,0,0,0
2020,12,22,16,8,36,568269,74,52,0,0,0,0
2020,12,22,16,8,36,600283,74,52,0,0,0,0
2020,12,22,16,8,36,632224,74,52,0,0,0,0
2020,12,22,16,8,36,668265,74,52,0,0,0,0
2020,12,22,16,8,36,700235,74,52,0,0,0,0
2020,12,22,16,8,36,736232,74,52,0,0,0,0
2020,12,22,16,8,36,768295,74,52,0,0,0,0
2020,12,22,16,8,36,800294,74,52,0,0,0,0
2020,12,22,16,8,36,836234,74,52,0,0,0,0
2020,12,22,16,8,36,868284,74,52,0,0,0,0
2020,12,22,16,8,36,904245,74,52,0,0,0,0
2020,12,22,16,8,36,936227,74,52,0,0,0,0
2020,12,22,16,8,36,968303,74,52,0,0,0,0
2020,12,22,16,8,37,4282,74,52,0,0,0,0
2020,12,22,16,8,37,36227,74,52,0,0,0,0
2020,12,22,16,8,37,72294,74,52,0,0,0,0
2020,12,22,16,8,37,104342,74,52,0,0,0,0
2020,12,22,16,8,37,136253,74,52,0,0,0,0
2020,12,22,16,8,37,172643,74,52,0,0,0,0
2020,12,22,16,8,37,204333,74,52,0,0,0,0
2020,12,22,16,8,37,240305,74,52,0,0,0,0
2020,12,22,16,8,37,272369,74,52,0,0,0,0
2020,12,22,16,8,37,304246,72,47,0,0,0,0
2020,12,22,16,8,37,340306,74,52,0,0,0,0
2020,12,22,16,8,37,372362,74,52,0,0,0,0
2020,12,22,16,8,37,404521,74,52,0,0,0,0
2020,12,22,16,8,37,437220,74,52,0,0,0,0
2020,12,22,16,8,37,471593,74,52,0,0,0,0
2020,12,22,16,8,37,508246,74,52,0,0,0,0
2020,12,22,16,8,37,539490,74,52,0,0,0,0
2020,12,22,16,8,37,572534,74,52,0,0,0,0
2020,12,22,16,8,37,608324,74,52,0,0,0,0
2020,12,22,16,8,37,640294,74,52,0,0,0,0
2020,12,22,16,8,37,676351,74,52,0,0,0,0
2020,12,22,16,8,37,708286,74,52,0,0,0,0
2020,12,22,16,8,37,740307,74,52,0,0,0,0
2020,12,22,16,8,37,776348,74,52,0,0,0,0
2020,12,22,16,8,37,808341,74,52,0,0,0,0
2020,12,22,16,8,37,844280,74,52,0,0,0,0
2020,12,22,16,8,37,876316,74,52,0,0,0,0
2020,12,22,16,8,37,908277,74,52,0,0,0,0
2020,12,22,16,8,37,944290,74,52,0,0,0,0
2020,12,22,16,8,37,976315,74,52,0,0,0,0
2020,12,22,16,8,38,12325,74,52,0,0,0,0
2020,12,22,16,8,38,44302,74,52,0,0,0,0
2020,12,22,16,8,38,76326,74,52,0,0,0,0
2020,12,22,16,8,38,112264,74,52,0,0,0,0
2020,12,22,16,8,38,144350,74,52,0,0,0,0
2020,12,22,16,8,38,176443,74,52,0,0,0,0
2020,12,22,16,8,38,212368,74,52,0,0,0,0
2020,12,22,16,8,38,244317,74,52,0,0,0,0
2020,12,22,16,8,38,281935,74,52,0,0,0,0
2020,12,22,16,8,38,312540,74,52,0,0,0,0
2020,12,22,16,8,38,344985,74,52,0,0,0,0
2020,12,22,16,8,38,379766,74,52,0,0,0,0
2020,12,22,16,8,38,417636,74,52,0,0,0,0
2020,12,22,16,8,38,445265,74,52,0,0,0,0
2020,12,22,16,8,38,479258,74,52,0,0,0,0
2020,12,22,16,8,38,512632,74,52,0,0,0,0
2020,12,22,16,8,38,548685,74,52,0,0,0,0
2020,12,22,16,8,38,580399,74,52,0,0,0,0
2020,12,22,16,8,38,616561,72,47,0,0,0,0
2020,12,22,16,8,38,648328,74,52,0,0,0,0
2020,12,22,16,8,38,680376,74,52,0,0,0,0
2020,12,22,16,8,38,716307,74,52,0,0,0,0
2020,12,22,16,8,38,748375,74,52,0,0,0,0
2020,12,22,16,8,38,784402,74,52,0,0,0,0
2020,12,22,16,8,38,816378,74,52,0,0,0,0
2020,12,22,16,8,38,848391,74,52,0,0,0,0
2020,12,22,16,8,38,884410,74,52,0,0,0,0
2020,12,22,16,8,38,916336,74,52,0,0,0,0
2020,12,22,16,8,38,952384,74,52,0,0,0,0
2020,12,22,16,8,38,984419,74,52,0,0,0,0
2020,12,22,16,8,39,16397,74,52,0,0,0,0
2020,12,22,16,8,39,52344,74,52,0,0,0,0
2020,12,22,16,8,39,84357,84,434,0,0,0,0
2020,12,22,16,8,39,116372,102,424,0,0,0,0
2020,12,22,16,8,39,152380,NA,NA,NA,NA,NA,NA
2020,12,22,16,8,39,184767,NA,NA,NA,NA,NA,NA
2020,12,22,16,8,39,220952,NA,NA,NA,NA,NA,NA
2020,12,22,16,8,39,260976,NA,NA,NA,NA,NA,NA
2020,12,22,16,8,39,292748,NA,NA,NA,NA,NA,NA
2020,12,22,16,8,39,328797,NA,NA,NA,NA,NA,NA
2020,12,22,16,8,39,360648,NA,NA,NA,NA,NA,NA
2020,12,22,16,8,39,405363,NA,NA,NA,NA,NA,NA
2020,12,22,16,8,39,433198,NA,NA,NA,NA,NA,NA
2020,12,22,16,8,39,469448,NA,NA,NA,NA,NA,NA
2020,12,22,16,8,39,504214,NA,NA,NA,NA,NA,NA
2020,12,22,16,8,39,535462,NA,NA,NA,NA,NA,NA
2020,12,22,16,8,39,572915,NA,NA,NA,NA,NA,NA
2020,12,22,16,8,39,604470,NA,NA,NA,NA,NA,NA
2020,12,22,16,8,39,636621,NA,NA,NA,NA,NA,NA
2020,12,22,16,8,39,672418,NA,NA,NA,NA,NA,NA
2020,12,22,16,8,39,704396,NA,NA,NA,NA,NA,NA
2020,12,22,16,8,39,740523,NA,NA,NA,NA,NA,NA
2020,12,22,16,8,39,772686,NA,NA,NA,NA,NA,NA
2020,12,22,16,8,39,804693,NA,NA,NA,NA,NA,NA
2020,12,22,16,8,39,841062,99,54,0,0,0,0
2020,12,22,16,8,39,888490,NA,NA,NA,NA,NA,NA
2020,12,22,16,8,39,924434,NA,NA,NA,NA,NA,NA
2020,12,22,16,8,39,956395,55,117,0,0,0,0
2020,12,22,16,8,39,988738,NA,NA,NA,NA,NA,NA
2020,12,22,16,8,40,24481,NA,NA,NA,NA,NA,NA
2020,12,22,16,8,40,56576,NA,NA,NA,NA,NA,NA
2020,12,22,16,8,40,92698,NA,NA,NA,NA,NA,NA
2020,12,22,16,8,40,124725,NA,NA,NA,NA,NA,NA
2020,12,22,16,8,40,159536,NA,NA,NA,NA,NA,NA
2020,12,22,16,8,40,193400,NA,NA,NA,NA,NA,NA
2020,12,22,16,8,40,224870,NA,NA,NA,NA,NA,NA
2020,12,22,16,8,40,257017,NA,NA,NA,NA,NA,NA
2020,12,22,16,8,40,293106,NA,NA,NA,NA,NA,NA
2020,12,22,16,8,40,325100,NA,NA,NA,NA,NA,NA
2020,12,22,16,8,40,361528,NA,NA,NA,NA,NA,NA
2020,12,22,16,8,40,393813,NA,NA,NA,NA,NA,NA
2020,12,22,16,8,40,422282,NA,NA,NA,NA,NA,NA
2020,12,22,16,8,40,458133,NA,NA,NA,NA,NA,NA
2020,12,22,16,8,40,490596,556,456,0,0,0,0
2020,12,22,16,8,40,528729,489,452,0,0,0,0
2020,12,22,16,8,40,560806,263,437,0,0,0,0
2020,12,22,16,8,40,628534,NA,NA,NA,NA,NA,NA
2020,12,22,16,8,40,660477,221,440,0,0,0,0
2020,12,22,16,8,40,696670,217,451,0,0,0,0
2020,12,22,16,8,40,728532,160,404,0,0,0,0
2020,12,22,16,8,40,760759,NA,NA,NA,NA,NA,NA
2020,12,22,16,8,40,796559,NA,NA,NA,NA,NA,NA
2020,12,22,16,8,40,828559,157,399,0,0,0,0
2020,12,22,16,8,40,864572,163,359,0,0,0,0
2020,12,22,16,8,40,896487,161,367,0,0,0,0
2020,12,22,16,8,40,928436,126,315,0,0,0,0
2020,12,22,16,8,40,964428,85,292,0,0,0,0
2020,12,22,16,8,40,997533,NA,NA,NA,NA,NA,NA
2020,12,22,16,8,41,33883,NA,NA,NA,NA,NA,NA
2020,12,22,16,8,41,65534,NA,NA,NA,NA,NA,NA
2020,12,22,16,8,41,98356,NA,NA,NA,NA,NA,NA
2020,12,22,16,8,41,134352,NA,NA,NA,NA,NA,NA
2020,12,22,16,8,41,166444,NA,NA,NA,NA,NA,NA
2020,12,22,16,8,41,198194,NA,NA,NA,NA,NA,NA
2020,12,22,16,8,41,234533,NA,NA,NA,NA,NA,NA
2020,12,22,16,8,41,270522,NA,NA,NA,NA,NA,NA
2020,12,22,16,8,41,307213,NA,NA,NA,NA,NA,NA
2020,12,22,16,8,41,335787,NA,NA,NA,NA,NA,NA
2020,12,22,16,8,41,370888,NA,NA,NA,NA,NA,NA
2020,12,22,16,8,41,413147,NA,NA,NA,NA,NA,NA
2020,12,22,16,8,41,434059,NA,NA,NA,NA,NA,NA
2020,12,22,16,8,41,469582,NA,NA,NA,NA,NA,NA
2020,12,22,16,8,41,508487,NA,NA,NA,NA,NA,NA
2020,12,22,16,8,41,537704,NA,NA,NA,NA,NA,NA
2020,12,22,16,8,41,575474,NA,NA,NA,NA,NA,NA
2020,12,22,16,8,41,607187,NA,NA,NA,NA,NA,NA
2020,12,22,16,8,41,643769,NA,NA,NA,NA,NA,NA
2020,12,22,16,8,41,675852,NA,NA,NA,NA,NA,NA
2020,12,22,16,8,41,708092,NA,NA,NA,NA,NA,NA
2020,12,22,16,8,41,743319,NA,NA,NA,NA,NA,NA
2020,12,22,16,8,41,775646,NA,NA,NA,NA,NA,NA
2020,12,22,16,8,41,811889,NA,NA,NA,NA,NA,NA
2020,12,22,16,8,41,844299,NA,NA,NA,NA,NA,NA
2020,12,22,16,8,41,876550,NA,NA,NA,NA,NA,NA
2020,12,22,16,8,41,911976,NA,NA,NA,NA,NA,NA
2020,12,22,16,8,41,943627,NA,NA,NA,NA,NA,NA
2020,12,22,16,8,41,975272,NA,NA,NA,NA,NA,NA
2020,12,22,16,8,42,11201,NA,NA,NA,NA,NA,NA
2020,12,22,16,8,42,43051,NA,NA,NA,NA,NA,NA
2020,12,22,16,8,42,78984,NA,NA,NA,NA,NA,NA
2020,12,22,16,8,42,110733,NA,NA,NA,NA,NA,NA
2020,12,22,16,8,42,142811,NA,NA,NA,NA,NA,NA
2020,12,22,16,8,42,179647,NA,NA,NA,NA,NA,NA
2020,12,22,16,8,42,204676,305,27,0,0,0,0
2020,12,22,16,8,42,240891,307,32,0,0,0,0
2020,12,22,16,8,42,278702,NA,NA,NA,NA,NA,NA
2020,12,22,16,8,42,310285,NA,NA,NA,NA,NA,NA
2020,12,22,16,8,42,346191,NA,NA,NA,NA,NA,NA
2020,12,22,16,8,42,379514,NA,NA,NA,NA,NA,NA
2020,12,22,16,8,42,415367,NA,NA,NA,NA,NA,NA
2020,12,22,16,8,42,441651,NA,NA,NA,NA,NA,NA
2020,12,22,16,8,42,485326,NA,NA,NA,NA,NA,NA
2020,12,22,16,8,42,521762,NA,NA,NA,NA,NA,NA
2020,12,22,16,8,42,550924,NA,NA,NA,NA,NA,NA
2020,12,22,16,8,42,586828,NA,NA,NA,NA,NA,NA
2020,12,22,16,8,42,618521,NA,NA,NA,NA,NA,NA
2020,12,22,16,8,42,644997,318,91,0,0,0,0
2020,12,22,16,8,42,680034,181,398,0,0,0,0
2020,12,22,16,8,42,711326,197,387,0,0,0,0
2020,12,22,16,8,42,742143,190,356,0,0,0,0
2020,12,22,16,8,42,778127,NA,NA,NA,NA,NA,NA
2020,12,22,16,8,42,810044,NA,NA,NA,NA,NA,NA
2020,12,22,16,8,42,846513,NA,NA,NA,NA,NA,NA
2020,12,22,16,8,42,877577,NA,NA,NA,NA,NA,NA
2020,12,22,16,8,42,909527,NA,NA,NA,NA,NA,NA
2020,12,22,16,8,42,945397,NA,NA,NA,NA,NA,NA
2020,12,22,16,8,42,977176,NA,NA,NA,NA,NA,NA
2020,12,22,16,8,43,13082,NA,NA,NA,NA,NA,NA
2020,12,22,16,8,43,45192,NA,NA,NA,NA,NA,NA
2020,12,22,16,8,43,76980,NA,NA,NA,NA,NA,NA
2020,12,22,16,8,43,113748,349,73,0,0,0,0
2020,12,22,16,8,43,144774,393,56,0,0,0,0
2020,12,22,16,8,43,186684,NA,NA,NA,NA,NA,NA
2020,12,22,16,8,43,217865,NA,NA,NA,NA,NA,NA
2020,12,22,16,8,43,250049,NA,NA,NA,NA,NA,NA
2020,12,22,16,8,43,286459,NA,NA,NA,NA,NA,NA
2020,12,22,16,8,43,312786,451,44,0,0,0,0
2020,12,22,16,8,43,349047,388,64,0,0,0,0
2020,12,22,16,8,43,380741,320,81,0,0,0,0
2020,12,22,16,8,43,420473,NA,NA,NA,NA,NA,NA
2020,12,22,16,8,43,446698,NA,NA,NA,NA,NA,NA
2020,12,22,16,8,43,482100,NA,NA,NA,NA,NA,NA
2020,12,22,16,8,43,517323,NA,NA,NA,NA,NA,NA
2020,12,22,16,8,43,549575,NA,NA,NA,NA,NA,NA
2020,12,22,16,8,43,581155,NA,NA,NA,NA,NA,NA
2020,12,22,16,8,43,617138,NA,NA,NA,NA,NA,NA
2020,12,22,16,8,43,649792,NA,NA,NA,NA,NA,NA
2020,12,22,16,8,43,680941,62,362,0,0,0,0
2020,12,22,16,8,43,717394,64,373,0,0,0,0
2020,12,22,16,8,43,749559,67,379,0,0,0,0
2020,12,22,16,8,43,789744,NA,NA,NA,NA,NA,NA
2020,12,22,16,8,43,822482,NA,NA,NA,NA,NA,NA
2020,12,22,16,8,43,856290,NA,NA,NA,NA,NA,NA
2020,12,22,16,8,43,891698,NA,NA,NA,NA,NA,NA
2020,12,22,16,8,43,924468,NA,NA,NA,NA,NA,NA
2020,12,22,16,8,43,959359,NA,NA,NA,NA,NA,NA
2020,12,22,16,8,43,991433,NA,NA,NA,NA,NA,NA
2020,12,22,16,8,44,23144,NA,NA,NA,NA,NA,NA
2020,12,22,16,8,44,60029,NA,NA,NA,NA,NA,NA
2020,12,22,16,8,44,90982,NA,NA,NA,NA,NA,NA
2020,12,22,16,8,44,127112,NA,NA,NA,NA,NA,NA
2020,12,22,16,8,44,159265,NA,NA,NA,NA,NA,NA
2020,12,22,16,8,44,191211,NA,NA,NA,NA,NA,NA
2020,12,22,16,8,44,227257,NA,NA,NA,NA,NA,NA
2020,12,22,16,8,44,260270,NA,NA,NA,NA,NA,NA
2020,12,22,16,8,44,294622,NA,NA,NA,NA,NA,NA
2020,12,22,16,8,44,326082,NA,NA,NA,NA,NA,NA
2020,12,22,16,8,44,353372,74,417,0,0,0,0
2020,12,22,16,8,44,389308,75,409,0,0,0,0
2020,12,22,16,8,44,418308,79,395,0,0,0,0
2020,12,22,16,8,44,450153,NA,NA,NA,NA,NA,NA
2020,12,22,16,8,44,487371,NA,NA,NA,NA,NA,NA
2020,12,22,16,8,44,520033,NA,NA,NA,NA,NA,NA
2020,12,22,16,8,44,555794,NA,NA,NA,NA,NA,NA
2020,12,22,16,8,44,589268,NA,NA,NA,NA,NA,NA
2020,12,22,16,8,44,621059,NA,NA,NA,NA,NA,NA
2020,12,22,16,8,44,657784,NA,NA,NA,NA,NA,NA
2020,12,22,16,8,44,695320,NA,NA,NA,NA,NA,NA
2020,12,22,16,8,44,723583,NA,NA,NA,NA,NA,NA
2020,12,22,16,8,44,755533,NA,NA,NA,NA,NA,NA
2020,12,22,16,8,44,788977,NA,NA,NA,NA,NA,NA
2020,12,22,16,8,44,825023,234,72,0,0,0,0
2020,12,22,16,8,44,857617,313,32,0,0,0,0
2020,12,22,16,8,44,900167,NA,NA,NA,NA,NA,NA
2020,12,22,16,8,44,932920,NA,NA,NA,NA,NA,NA
2020,12,22,16,8,44,963272,NA,NA,NA,NA,NA,NA
2020,12,22,16,8,44,995143,NA,NA,NA,NA,NA,NA
2020,12,22,16,8,45,29602,NA,NA,NA,NA,NA,NA
2020,12,22,16,8,45,67779,NA,NA,NA,NA,NA,NA
2020,12,22,16,8,45,99937,NA,NA,NA,NA,NA,NA
2020,12,22,16,8,45,132053,NA,NA,NA,NA,NA,NA
2020,12,22,16,8,45,168448,NA,NA,NA,NA,NA,NA
2020,12,22,16,8,45,192752,285,13,0,0,0,0
2020,12,22,16,8,45,228844,252,35,0,0,0,0
2020,12,22,16,8,45,260807,205,63,0,0,0,0
2020,12,22,16,8,45,292273,NA,NA,NA,NA,NA,NA
2020,12,22,16,8,45,327864,NA,NA,NA,NA,NA,NA
2020,12,22,16,8,45,360891,NA,NA,NA,NA,NA,NA
2020,12,22,16,8,45,392942,NA,NA,NA,NA,NA,NA
2020,12,22,16,8,45,425462,NA,NA,NA,NA,NA,NA
2020,12,22,16,8,45,460820,NA,NA,NA,NA,NA,NA
2020,12,22,16,8,45,497028,NA,NA,NA,NA,NA,NA
2020,12,22,16,8,45,527919,NA,NA,NA,NA,NA,NA
2020,12,22,16,8,45,560832,57,392,0,0,0,0
2020,12,22,16,8,45,596944,54,409,0,0,0,0
2020,12,22,16,8,45,633145,NA,NA,NA,NA,NA,NA
2020,12,22,16,8,45,671048,NA,NA,NA,NA,NA,NA
2020,12,22,16,8,45,703266,NA,NA,NA,NA,NA,NA
2020,12,22,16,8,45,734210,NA,NA,NA,NA,NA,NA
2020,12,22,16,8,45,771255,NA,NA,NA,NA,NA,NA
2020,12,22,16,8,45,798245,NA,NA,NA,NA,NA,NA
2020,12,22,16,8,45,832423,NA,NA,NA,NA,NA,NA
2020,12,22,16,8,45,866441,NA,NA,NA,NA,NA,NA
2020,12,22,16,8,45,902522,NA,NA,NA,NA,NA,NA
2020,12,22,16,8,45,938586,NA,NA,NA,NA,NA,NA
2020,12,22,16,8,45,970217,NA,NA,NA,NA,NA,NA
2020,12,22,16,8,46,6344,NA,NA,NA,NA,NA,NA
2020,12,22,16,8,46,38594,NA,NA,NA,NA,NA,NA
2020,12,22,16,8,46,71086,NA,NA,NA,NA,NA,NA
2020,12,22,16,8,46,106782,NA,NA,NA,NA,NA,NA
2020,12,22,16,8,46,138698,NA,NA,NA,NA,NA,NA
2020,12,22,16,8,46,173274,NA,NA,NA,NA,NA,NA
2020,12,22,16,8,46,206627,NA,NA,NA,NA,NA,NA
2020,12,22,16,8,46,238891,NA,NA,NA,NA,NA,NA
2020,12,22,16,8,46,269291,86,410,0,0,0,0
2020,12,22,16,8,46,301234,NA,NA,NA,NA,NA,NA
2020,12,22,16,8,46,333081,NA,NA,NA,NA,NA,NA
2020,12,22,16,8,46,369154,NA,NA,NA,NA,NA,NA
2020,12,22,16,8,46,401186,NA,NA,NA,NA,NA,NA
2020,12,22,16,8,46,434190,NA,NA,NA,NA,NA,NA
2020,12,22,16,8,46,467400,NA,NA,NA,NA,NA,NA
2020,12,22,16,8,46,499617,NA,NA,NA,NA,NA,NA
2020,12,22,16,8,46,537127,NA,NA,NA,NA,NA,NA
2020,12,22,16,8,46,569074,NA,NA,NA,NA,NA,NA
2020,12,22,16,8,46,604987,NA,NA,NA,NA,NA,NA
2020,12,22,16,8,46,636948,232,73,0,0,0,0
2020,12,22,16,8,46,669155,301,52,0,0,0,0
2020,12,22,16,8,46,704826,383,28,0,0,0,0
2020,12,22,16,8,46,744063,NA,NA,NA,NA,NA,NA
2020,12,22,16,8,46,780472,NA,NA,NA,NA,NA,NA
2020,12,22,16,8,46,812840,NA,NA,NA,NA,NA,NA
2020,12,22,16,8,46,844649,NA,NA,NA,NA,NA,NA
2020,12,22,16,8,46,880115,NA,NA,NA,NA,NA,NA
2020,12,22,16,8,46,912335,NA,NA,NA,NA,NA,NA
2020,12,22,16,8,46,947952,NA,NA,NA,NA,NA,NA
2020,12,22,16,8,46,980073,NA,NA,NA,NA,NA,NA
2020,12,22,16,8,47,12236,NA,NA,NA,NA,NA,NA
2020,12,22,16,8,47,48766,NA,NA,NA,NA,NA,NA
2020,12,22,16,8,47,81171,NA,NA,NA,NA,NA,NA
2020,12,22,16,8,47,112691,NA,NA,NA,NA,NA,NA
2020,12,22,16,8,47,148270,NA,NA,NA,NA,NA,NA
2020,12,22,16,8,47,176039,NA,NA,NA,NA,NA,NA
2020,12,22,16,8,47,207414,367,16,0,0,0,0
2020,12,22,16,8,47,239895,321,44,0,0,0,0
2020,12,22,16,8,47,272952,245,76,0,0,0,0
2020,12,22,16,8,47,308995,NA,NA,NA,NA,NA,NA
2020,12,22,16,8,47,341086,NA,NA,NA,NA,NA,NA
2020,12,22,16,8,47,377442,NA,NA,NA,NA,NA,NA
2020,12,22,16,8,47,415680,NA,NA,NA,NA,NA,NA
2020,12,22,16,8,47,438754,NA,NA,NA,NA,NA,NA
2020,12,22,16,8,47,478660,NA,NA,NA,NA,NA,NA
2020,12,22,16,8,47,507920,NA,NA,NA,NA,NA,NA
2020,12,22,16,8,47,546044,NA,NA,NA,NA,NA,NA
2020,12,22,16,8,47,578216,91,401,0,0,0,0
2020,12,22,16,8,47,610656,90,412,0,0,0,0
2020,12,22,16,8,47,650517,NA,NA,NA,NA,NA,NA
2020,12,22,16,8,47,683910,NA,NA,NA,NA,NA,NA
2020,12,22,16,8,47,716132,NA,NA,NA,NA,NA,NA
2020,12,22,16,8,47,748033,NA,NA,NA,NA,NA,NA
2020,12,22,16,8,47,780500,NA,NA,NA,NA,NA,NA
2020,12,22,16,8,47,819147,NA,NA,NA,NA,NA,NA
2020,12,22,16,8,47,851162,NA,NA,NA,NA,NA,NA
2020,12,22,16,8,47,883592,NA,NA,NA,NA,NA,NA
2020,12,22,16,8,47,919307,NA,NA,NA,NA,NA,NA
2020,12,22,16,8,47,951780,NA,NA,NA,NA,NA,NA
2020,12,22,16,8,47,987452,NA,NA,NA,NA,NA,NA
2020,12,22,16,8,48,18641,NA,NA,NA,NA,NA,NA
2020,12,22,16,8,48,50338,NA,NA,NA,NA,NA,NA
2020,12,22,16,8,48,86526,NA,NA,NA,NA,NA,NA
2020,12,22,16,8,48,118472,NA,NA,NA,NA,NA,NA
2020,12,22,16,8,48,154374,NA,NA,NA,NA,NA,NA
2020,12,22,16,8,48,186522,NA,NA,NA,NA,NA,NA
2020,12,22,16,8,48,219038,NA,NA,NA,NA,NA,NA
2020,12,22,16,8,48,255567,NA,NA,NA,NA,NA,NA
2020,12,22,16,8,48,283386,144,435,0,0,0,0
2020,12,22,16,8,48,316040,NA,NA,NA,NA,NA,NA
2020,12,22,16,8,48,349618,NA,NA,NA,NA,NA,NA
2020,12,22,16,8,48,381196,NA,NA,NA,NA,NA,NA
2020,12,22,16,8,48,419599,NA,NA,NA,NA,NA,NA
2020,12,22,16,8,48,446533,NA,NA,NA,NA,NA,NA
2020,12,22,16,8,48,484475,NA,NA,NA,NA,NA,NA
2020,12,22,16,8,48,517401,NA,NA,NA,NA,NA,NA
2020,12,22,16,8,48,549518,332,18,0,0,0,0
2020,12,22,16,8,48,585258,369,28,0,0,0,0
2020,12,22,16,8,48,622892,NA,NA,NA,NA,NA,NA
2020,12,22,16,8,48,652343,505,143,0,0,0,0
2020,12,22,16,8,48,687484,NA,NA,NA,NA,NA,NA
2020,12,22,16,8,48,719485,NA,NA,NA,NA,NA,NA
2020,12,22,16,8,48,753333,66,420,0,0,0,0
2020,12,22,16,8,48,785008,162,436,0,0,0,0
2020,12,22,16,8,48,817026,162,445,0,0,0,0
2020,12,22,16,8,48,853176,48,145,0,0,0,0
2020,12,22,16,8,48,885099,NA,NA,NA,NA,NA,NA
2020,12,22,16,8,48,921124,NA,NA,NA,NA,NA,NA
2020,12,22,16,8,48,952955,NA,NA,NA,NA,NA,NA
2020,12,22,16,8,48,985040,NA,NA,NA,NA,NA,NA
2020,12,22,16,8,49,28899,NA,NA,NA,NA,NA,NA
2020,12,22,16,8,49,60956,NA,NA,NA,NA,NA,NA
2020,12,22,16,8,49,96896,NA,NA,NA,NA,NA,NA
2020,12,22,16,8,49,128872,91,420,0,0,0,0
2020,12,22,16,8,49,162461,83,416,0,0,0,0
2020,12,22,16,8,49,197355,83,401,0,0,0,0
2020,12,22,16,8,49,228909,71,366,0,0,0,0
2020,12,22,16,8,49,264943,78,313,0,0,0,0
2020,12,22,16,8,49,296908,69,260,0,0,0,0
2020,12,22,16,8,49,328933,53,268,0,0,0,0
2020,12,22,16,8,49,365294,39,300,0,0,0,0
2020,12,22,16,8,49,396924,514,431,0,0,0,0
2020,12,22,16,8,49,429472,NA,NA,NA,NA,NA,NA
2020,12,22,16,8,49,467605,NA,NA,NA,NA,NA,NA
2020,12,22,16,8,49,505709,NA,NA,NA,NA,NA,NA
2020,12,22,16,8,49,540408,NA,NA,NA,NA,NA,NA
2020,12,22,16,8,49,589469,NA,NA,NA,NA,NA,NA
2020,12,22,16,8,49,625335,NA,NA,NA,NA,NA,NA
2020,12,22,16,8,49,657442,NA,NA,NA,NA,NA,NA
2020,12,22,16,8,49,689524,NA,NA,NA,NA,NA,NA
2020,12,22,16,8,49,725518,NA,NA,NA,NA,NA,NA
2020,12,22,16,8,49,757512,NA,NA,NA,NA,NA,NA
2020,12,22,16,8,49,792964,64,59,0,0,0,0
2020,12,22,16,8,49,825000,63,62,0,0,0,0
2020,12,22,16,8,49,857048,63,62,0,0,0,0
2020,12,22,16,8,49,893054,63,62,0,0,0,0
2020,12,22,16,8,49,925335,63,61,0,0,0,0
2020,12,22,16,8,49,957084,63,62,0,0,0,0
2020,12,22,16,8,49,993024,63,62,0,0,0,0
2020,12,22,16,8,50,25026,100,391,0,0,0,0
2020,12,22,16,8,50,61060,104,395,0,0,0,0
2020,12,22,16,8,50,93068,106,397,0,0,0,0
2020,12,22,16,8,50,125821,106,397,0,0,0,0
2020,12,22,16,8,50,162420,107,398,0,0,0,0
2020,12,22,16,8,50,192980,108,401,0,0,0,0
2020,12,22,16,8,50,228982,107,403,0,0,0,0
2020,12,22,16,8,50,261050,107,404,0,0,0,0
2020,12,22,16,8,50,293332,107,406,0,0,0,0
2020,12,22,16,8,50,329298,107,406,0,0,0,0
2020,12,22,16,8,50,361344,107,406,0,0,0,0
2020,12,22,16,8,50,397841,108,407,0,0,0,0
2020,12,22,16,8,50,425693,108,407,0,0,0,0
2020,12,22,16,8,50,459090,108,407,0,0,0,0
2020,12,22,16,8,50,495594,108,407,0,0,0,0
2020,12,22,16,8,50,529571,108,407,0,0,0,0
2020,12,22,16,8,50,565811,108,407,0,0,0,0
2020,12,22,16,8,50,597647,108,407,0,0,0,0
2020,12,22,16,8,50,629048,108,407,0,0,0,0
2020,12,22,16,8,50,665945,108,407,0,0,0,0
2020,12,22,16,8,50,697678,108,407,0,0,0,0
2020,12,22,16,8,50,729661,108,407,0,0,0,0
2020,12,22,16,8,50,765090,108,408,0,0,0,0
2020,12,22,16,8,50,797065,108,408,0,0,0,0
2020,12,22,16,8,50,834242,108,408,0,0,0,0
2020,12,22,16,8,50,864180,108,408,0,0,0,0
2020,12,22,16,8,50,897400,108,408,0,0,0,0
2020,12,22,16,8,50,933275,108,408,0,0,0,0
2020,12,22,16,8,50,965469,108,409,0,0,0,0
2020,12,22,16,8,51,1058,108,409,0,0,0,0
2020,12,22,16,8,51,33033,108,409,0,0,0,0
2020,12,22,16,8,51,65096,108,410,0,0,0,0
